"ID","start_time","completion_time","major","active_mobility","home_campus","frequency_visiting_canteen","staff_response","friendly_staff","quick_response_staff","order_waiting_time","payment_method","smooth_payment","clear_menu_info","clean_area","cozy_room_layout","neat_furniture_placement","clean_utensils","cleaning_facility","proper_table_chair","cozy_seating_area","menu_variety","healty_menu","freshness_menu","taste_match_price","affordable_price","price_vs_quality"
12,2025-04-05 18:35:56,2025-04-05 18:37:57,"digital business","iya","campus b","1-2 kali","setuju","setuju","setuju","setuju","setuju","setuju","setuju","setuju","setuju","setuju","setuju","setuju","setuju","setuju","setuju","setuju","setuju","setuju","setuju","setuju"
14,2025-04-05 18:38:42,2025-04-05 18:42:44,"computer science","iya","campus b","3-4 kali","sangat setuju","sangat setuju","sangat setuju","sangat setuju","setuju","setuju","setuju","setuju","setuju","setuju","setuju","tidak setuju","setuju","setuju","setuju","setuju","setuju","setuju","tidak setuju","setuju"
15,2025-04-05 18:36:07,2025-04-05 18:43:53,"computer science","iya","campus b","1-2 kali","setuju","setuju","setuju","setuju","sangat setuju","setuju","setuju","setuju","setuju","setuju","setuju","sangat setuju","setuju","sangat setuju","sangat setuju","setuju","setuju","sangat setuju","setuju","setuju"
16,2025-04-05 18:39:48,2025-04-05 18:44:13,"computer science","iya","campus b","3-4 kali","setuju","setuju","sangat setuju","setuju","sangat setuju","sangat setuju","setuju","setuju","sangat tidak setuju","setuju","setuju","tidak merasakan","setuju","sangat tidak setuju","sangat setuju","sangat setuju","sangat setuju","setuju","sangat setuju","sangat setuju"
17,2025-04-05 19:11:49,2025-04-05 19:16:21,"computer science","iya","campus m","1-2 kali","setuju","setuju","setuju","setuju","setuju","setuju","setuju","setuju","tidak setuju","tidak setuju","tidak merasakan","tidak setuju","tidak merasakan","tidak setuju","sangat setuju","setuju","setuju","setuju","setuju","setuju"
18,2025-04-05 21:32:59,2025-04-05 21:35:02,"computer science","iya","campus b","3-4 kali","setuju","setuju","setuju","setuju","setuju","setuju","setuju","tidak merasakan","tidak merasakan","tidak merasakan","tidak merasakan","tidak merasakan","tidak merasakan","tidak merasakan","tidak merasakan","tidak merasakan","tidak merasakan","tidak merasakan","tidak merasakan","tidak merasakan"
21,2025-04-06 21:26:52,2025-04-06 21:29:18,"computer science","iya","campus s","3-4 kali","tidak merasakan","setuju","setuju","setuju","setuju","setuju","tidak setuju","setuju","setuju","setuju","setuju","tidak setuju","setuju","tidak setuju","setuju","tidak merasakan","setuju","setuju","setuju","setuju"
22,2025-04-06 21:29:18,2025-04-06 21:32:03,"computer science","iya","campus s","3-4 kali","tidak merasakan","setuju","setuju","setuju","setuju","setuju","setuju","setuju","setuju","tidak merasakan","setuju","tidak setuju","setuju","tidak setuju","setuju","setuju","setuju","setuju","setuju","setuju"
23,2025-04-06 21:32:46,2025-04-06 21:36:00,"computer science","iya","campus s","1-2 kali","tidak merasakan","sangat tidak setuju","sangat setuju","sangat setuju","sangat tidak setuju","setuju","sangat setuju","setuju","setuju","setuju","setuju","sangat tidak setuju","setuju","setuju","setuju","setuju","setuju","setuju","tidak setuju","setuju"
24,2025-04-06 22:42:04,2025-04-06 22:46:10,"computer science","iya","campus s",">4 kali","sangat setuju","sangat setuju","sangat setuju","sangat setuju","setuju","sangat setuju","sangat setuju","tidak merasakan","tidak setuju","tidak merasakan","setuju","sangat setuju","sangat setuju","sangat setuju","sangat setuju","sangat setuju","sangat setuju","sangat setuju","sangat setuju","sangat setuju"
25,2025-04-07 09:21:15,2025-04-07 09:24:09,"computer science","iya","campus s","1-2 kali","tidak merasakan","setuju","tidak merasakan","setuju","setuju","setuju","setuju","tidak merasakan","setuju","setuju","setuju","tidak setuju","setuju","setuju","tidak merasakan","tidak merasakan","setuju","setuju","tidak merasakan","tidak merasakan"
26,2025-04-07 18:21:49,2025-04-07 18:24:41,"computer science","iya","campus s","1-2 kali","sangat setuju","sangat setuju","sangat setuju","sangat setuju","sangat setuju","sangat setuju","sangat setuju","setuju","sangat setuju","setuju","setuju","tidak merasakan","setuju","setuju","setuju","setuju","sangat setuju","setuju","setuju","setuju"
27,2025-04-17 21:59:39,2025-04-17 22:02:10,"computer science","iya","campus s","1-2 kali","setuju","setuju","tidak setuju","setuju","setuju","setuju","tidak setuju","setuju","setuju","setuju","setuju","setuju","setuju","setuju","setuju","setuju","setuju","setuju","tidak setuju","tidak setuju"
28,2025-04-18 01:11:08,2025-04-18 01:23:38,"computer science","iya","campus s",">4 kali","sangat setuju","sangat setuju","sangat setuju","sangat setuju","tidak merasakan","tidak setuju","setuju","tidak merasakan","setuju","sangat setuju","tidak setuju","tidak setuju","setuju","tidak merasakan","sangat setuju","setuju","sangat setuju","setuju","tidak merasakan","setuju"
29,2025-04-18 01:39:36,2025-04-18 01:42:24,"computer science","iya","campus s","1-2 kali","sangat setuju","sangat setuju","sangat setuju","setuju","sangat setuju","sangat setuju","sangat setuju","setuju","sangat setuju","tidak setuju","tidak merasakan","tidak merasakan","setuju","setuju","setuju","sangat setuju","sangat setuju","sangat setuju","tidak setuju","setuju"
30,2025-04-19 15:31:09,2025-04-19 15:35:50,"computer science","iya","campus m","1-2 kali","sangat setuju","setuju","tidak merasakan","setuju","tidak merasakan","tidak setuju","sangat setuju","sangat setuju","setuju","tidak merasakan","setuju","tidak setuju","sangat setuju","setuju","sangat setuju","setuju","setuju","setuju","tidak merasakan","tidak merasakan"
31,2025-04-19 19:57:19,2025-04-19 20:00:32,"computer science","iya","campus m","0 kali","setuju","setuju","setuju","setuju","sangat setuju","sangat setuju","sangat setuju","setuju","tidak merasakan","setuju","setuju","tidak merasakan","setuju","setuju","setuju","sangat setuju","sangat setuju","setuju","sangat setuju","sangat setuju"
32,2025-04-19 22:52:15,2025-04-19 22:58:36,"public relations","iya","campus m","1-2 kali","setuju","setuju","setuju","setuju","setuju","setuju","setuju","setuju","setuju","setuju","setuju","setuju","setuju","setuju","setuju","setuju","setuju","setuju","setuju","setuju"
33,2025-04-20 11:44:04,2025-04-20 11:45:38,"communication - marketing communication","iya","campus m","3-4 kali","sangat setuju","sangat setuju","sangat setuju","sangat setuju","sangat setuju","sangat setuju","sangat setuju","sangat setuju","sangat setuju","sangat setuju","sangat setuju","sangat setuju","sangat setuju","sangat setuju","sangat setuju","sangat setuju","sangat setuju","sangat setuju","sangat setuju","sangat setuju"
34,2025-04-21 12:34:07,2025-04-21 12:35:32,"information systems","iya","campus s","3-4 kali","setuju","setuju","sangat setuju","setuju","sangat setuju","sangat setuju","setuju","setuju","setuju","sangat setuju","setuju","setuju","setuju","sangat setuju","setuju","sangat setuju","setuju","setuju","setuju","sangat setuju"
35,2025-04-21 13:04:02,2025-04-21 13:07:27,"information systems","iya","campus s","1-2 kali","tidak merasakan","tidak setuju","sangat setuju","sangat setuju","sangat setuju","sangat setuju","sangat setuju","sangat setuju","sangat setuju","sangat setuju","sangat setuju","sangat setuju","sangat setuju","sangat setuju","sangat setuju","sangat setuju","sangat setuju","sangat setuju","sangat setuju","sangat setuju"
36,2025-04-22 12:04:37,2025-04-22 12:06:56,"information systems","iya","campus s","1-2 kali","tidak merasakan","tidak merasakan","tidak merasakan","setuju","setuju","setuju","setuju","setuju","tidak merasakan","tidak merasakan","tidak merasakan","setuju","setuju","setuju","setuju","setuju","setuju","setuju","tidak setuju","setuju"
37,2025-04-22 12:17:26,2025-04-22 12:19:50,"data science","iya","campus b","1-2 kali","tidak merasakan","setuju","sangat setuju","setuju","setuju","sangat setuju","setuju","sangat setuju","sangat setuju","sangat setuju","setuju","sangat setuju","sangat setuju","sangat setuju","sangat setuju","sangat setuju","sangat setuju","sangat setuju","sangat setuju","sangat setuju"
38,2025-04-22 12:18:49,2025-04-22 12:22:32,"computer science","iya","campus m","3-4 kali","setuju","setuju","setuju","sangat setuju","sangat setuju","sangat setuju","sangat setuju","sangat setuju","sangat setuju","tidak merasakan","setuju","setuju","sangat setuju","sangat setuju","setuju","tidak merasakan","setuju","setuju","sangat setuju","sangat setuju"
39,2025-04-22 12:18:06,2025-04-22 12:23:05,"computer science","iya","campus b","1-2 kali","setuju","setuju","setuju","sangat setuju","setuju","sangat setuju","setuju","sangat setuju","setuju","tidak merasakan","setuju","sangat setuju","sangat setuju","sangat setuju","setuju","setuju","setuju","setuju","tidak merasakan","tidak merasakan"
40,2025-04-22 12:23:31,2025-04-22 12:27:15,"computer science","iya","campus b","1-2 kali","setuju","setuju","setuju","setuju","setuju","setuju","sangat setuju","tidak merasakan","setuju","tidak setuju","setuju","setuju","setuju","setuju","setuju","setuju","setuju","setuju","tidak merasakan","tidak merasakan"
41,2025-04-22 12:50:29,2025-04-22 12:53:44,"computer science","iya","campus b",">4 kali","setuju","setuju","setuju","setuju","setuju","setuju","setuju","setuju","setuju","setuju","setuju","setuju","setuju","setuju","setuju","setuju","setuju","setuju","setuju","setuju"
42,2025-04-22 12:07:02,2025-04-22 13:33:26,"computer science","iya","campus m","1-2 kali","setuju","setuju","setuju","tidak merasakan","sangat setuju","setuju","sangat setuju","setuju","setuju","setuju","setuju","setuju","setuju","setuju","setuju","setuju","setuju","setuju","tidak merasakan","setuju"
43,2025-04-22 13:34:36,2025-04-22 13:36:15,"computer science","iya","campus gj",">4 kali","setuju","setuju","setuju","setuju","setuju","setuju","setuju","setuju","setuju","setuju","setuju","setuju","setuju","setuju","setuju","setuju","setuju","setuju","setuju","setuju"
44,2025-04-22 16:08:14,2025-04-22 16:14:47,"digital business","iya","campus b","3-4 kali","setuju","setuju","setuju","setuju","tidak merasakan","tidak setuju","tidak merasakan","tidak setuju","tidak merasakan","tidak merasakan","tidak merasakan","tidak merasakan","sangat tidak setuju","sangat tidak setuju","setuju","tidak setuju","setuju","setuju","tidak setuju","tidak setuju"
45,2025-04-23 10:17:04,2025-04-23 10:19:16,"information systems","iya","campus s","1-2 kali","sangat setuju","sangat setuju","setuju","setuju","sangat setuju","sangat setuju","setuju","setuju","setuju","setuju","setuju","setuju","setuju","setuju","setuju","setuju","setuju","setuju","setuju","tidak merasakan"
46,2025-04-24 10:52:28,2025-04-24 10:55:04,"computer science","iya","campus s","1-2 kali","setuju","setuju","setuju","tidak merasakan","sangat setuju","setuju","setuju","setuju","tidak merasakan","tidak merasakan","tidak merasakan","setuju","setuju","tidak merasakan","setuju","setuju","setuju","setuju","tidak merasakan","setuju"
47,2025-04-24 10:55:41,2025-04-24 10:59:27,"computer science","iya","campus s","1-2 kali","setuju","setuju","setuju","setuju","tidak setuju","setuju","setuju","tidak setuju","sangat setuju","sangat setuju","sangat setuju","tidak merasakan","sangat setuju","sangat setuju","sangat setuju","sangat setuju","sangat setuju","sangat setuju","sangat setuju","sangat setuju"
48,2025-04-24 12:58:28,2025-04-24 13:00:04,"computer science","iya","campus s",">4 kali","sangat setuju","sangat setuju","sangat setuju","setuju","sangat setuju","sangat setuju","sangat setuju","setuju","setuju","setuju","setuju","sangat setuju","sangat setuju","sangat setuju","sangat setuju","sangat setuju","sangat setuju","sangat setuju","sangat setuju","sangat setuju"
49,2025-04-24 12:55:53,2025-04-24 13:29:41,"computer science","iya","campus s",">4 kali","sangat setuju","sangat setuju","sangat setuju","sangat setuju","sangat setuju","sangat setuju","sangat setuju","sangat setuju","sangat setuju","sangat setuju","sangat setuju","sangat setuju","sangat setuju","sangat setuju","sangat setuju","sangat setuju","sangat setuju","sangat setuju","sangat setuju","sangat setuju"
50,2025-04-24 13:49:09,2025-04-24 13:52:38,"computer science","iya","campus s","0 kali","tidak merasakan","tidak merasakan","tidak merasakan","tidak merasakan","tidak merasakan","tidak merasakan","tidak merasakan","setuju","tidak merasakan","tidak merasakan","tidak merasakan","setuju","setuju","setuju","setuju","setuju","tidak merasakan","tidak merasakan","tidak setuju","tidak merasakan"
51,2025-04-25 14:19:04,2025-04-25 14:20:32,"computer science","iya","campus b","3-4 kali","setuju","setuju","setuju","setuju","setuju","setuju","setuju","setuju","setuju","setuju","setuju","setuju","setuju","setuju","setuju","setuju","setuju","setuju","sangat setuju","setuju"
52,2025-04-25 14:48:19,2025-04-25 14:51:29,"computer science","iya","campus m","3-4 kali","setuju","setuju","setuju","setuju","setuju","setuju","setuju","setuju","setuju","setuju","setuju","tidak merasakan","setuju","setuju","setuju","setuju","setuju","setuju","tidak merasakan","tidak merasakan"
53,2025-04-25 14:43:44,2025-04-25 14:52:13,"data science","iya","campus m","1-2 kali","tidak merasakan","setuju","tidak setuju","tidak setuju","setuju","setuju","setuju","setuju","setuju","tidak setuju","tidak merasakan","tidak merasakan","tidak setuju","tidak setuju","sangat setuju","setuju","setuju","setuju","tidak setuju","tidak setuju"
54,2025-04-25 15:07:44,2025-04-25 15:10:02,"data science","iya","campus m","1-2 kali","setuju","setuju","setuju","setuju","setuju","setuju","setuju","setuju","setuju","setuju","setuju","setuju","setuju","setuju","setuju","setuju","setuju","setuju","setuju","setuju"
55,2025-04-25 15:51:33,2025-04-25 15:54:32,"computer science","iya","campus s",">4 kali","sangat tidak setuju","tidak setuju","tidak merasakan","tidak setuju","tidak merasakan","tidak setuju","sangat tidak setuju","sangat tidak setuju","tidak setuju","tidak merasakan","tidak setuju","sangat tidak setuju","tidak setuju","tidak merasakan","sangat tidak setuju","tidak setuju","tidak merasakan","setuju","setuju","tidak merasakan"
56,2025-04-25 15:58:37,2025-04-25 16:03:09,"computer science","iya","campus m","3-4 kali","sangat setuju","sangat setuju","sangat setuju","sangat setuju","sangat setuju","sangat setuju","sangat setuju","sangat setuju","sangat setuju","sangat setuju","sangat setuju","sangat setuju","sangat setuju","sangat setuju","setuju","setuju","sangat setuju","setuju","tidak merasakan","setuju"
57,2025-04-25 17:12:43,2025-04-25 17:15:38,"computer science - software engineering","iya","campus s","3-4 kali","sangat setuju","sangat setuju","sangat setuju","sangat setuju","sangat setuju","sangat setuju","sangat setuju","setuju","setuju","setuju","sangat setuju","setuju","setuju","setuju","sangat setuju","sangat setuju","sangat setuju","sangat setuju","sangat setuju","sangat setuju"
58,2025-04-25 17:03:12,2025-04-25 17:18:16,"computer science","iya","campus b","3-4 kali","setuju","sangat setuju","setuju","sangat setuju","setuju","sangat setuju","sangat setuju","setuju","setuju","setuju","setuju","sangat setuju","setuju","sangat setuju","setuju","sangat setuju","setuju","setuju","setuju","setuju"
59,2025-04-25 17:49:16,2025-04-25 17:50:36,"artificial intelligence","iya","campus s","1-2 kali","setuju","setuju","setuju","setuju","setuju","setuju","setuju","setuju","setuju","setuju","setuju","setuju","setuju","setuju","setuju","setuju","setuju","setuju","setuju","setuju"
60,2025-04-25 21:44:55,2025-04-25 21:48:11,"computer science","iya","campus m","1-2 kali","setuju","tidak merasakan","sangat setuju","setuju","sangat setuju","sangat setuju","tidak merasakan","setuju","setuju","tidak merasakan","setuju","tidak setuju","setuju","setuju","setuju","setuju","setuju","setuju","setuju","setuju"
61,2025-04-26 04:07:58,2025-04-26 04:10:06,"computer science","iya","campus b","1-2 kali","setuju","sangat setuju","setuju","sangat setuju","sangat setuju","sangat setuju","sangat setuju","setuju","setuju","tidak setuju","tidak merasakan","tidak merasakan","setuju","setuju","setuju","sangat setuju","setuju","sangat setuju","setuju","setuju"
62,2025-04-26 14:02:35,2025-04-26 14:05:38,"computer science","iya","campus b","1-2 kali","setuju","setuju","setuju","tidak setuju","sangat setuju","tidak setuju","sangat setuju","setuju","setuju","setuju","setuju","setuju","setuju","setuju","setuju","setuju","setuju","setuju","setuju","tidak setuju"
63,2025-04-26 14:09:59,2025-04-26 14:11:55,"cyber security","iya","campus b","3-4 kali","setuju","tidak merasakan","setuju","setuju","sangat setuju","setuju","setuju","setuju","setuju","setuju","sangat setuju","setuju","setuju","setuju","sangat setuju","tidak setuju","sangat setuju","sangat setuju","setuju","setuju"
64,2025-04-26 14:10:49,2025-04-26 14:11:55,"computer science","iya","campus b",">4 kali","setuju","setuju","setuju","setuju","setuju","setuju","setuju","setuju","setuju","setuju","setuju","setuju","setuju","setuju","setuju","setuju","setuju","setuju","setuju","setuju"
65,2025-04-26 14:09:14,2025-04-26 14:12:06,"computer science","iya","campus b","3-4 kali","tidak merasakan","setuju","setuju","setuju","setuju","setuju","setuju","tidak setuju","setuju","tidak setuju","setuju","setuju","setuju","setuju","setuju","setuju","setuju","setuju","setuju","setuju"
66,2025-04-26 14:11:17,2025-04-26 14:12:34,"computer science","iya","campus b","1-2 kali","tidak merasakan","setuju","setuju","sangat setuju","setuju","sangat setuju","setuju","sangat setuju","setuju","sangat setuju","setuju","sangat setuju","setuju","sangat setuju","setuju","sangat setuju","setuju","setuju","sangat setuju","sangat setuju"
67,2025-04-26 14:09:50,2025-04-26 14:16:00,"computer science","iya","campus b","1-2 kali","setuju","setuju","setuju","setuju","setuju","setuju","setuju","setuju","setuju","tidak setuju","setuju","setuju","setuju","setuju","setuju","setuju","setuju","setuju","setuju","setuju"
68,2025-04-26 14:12:05,2025-04-26 14:16:48,"data science","iya","campus b","1-2 kali","setuju","setuju","setuju","setuju","setuju","setuju","setuju","setuju","setuju","setuju","setuju","setuju","setuju","setuju","setuju","setuju","setuju","setuju","setuju","setuju"
69,2025-04-26 14:14:34,2025-04-26 14:17:35,"cyber security","iya","campus b","3-4 kali","setuju","setuju","setuju","setuju","setuju","setuju","setuju","setuju","setuju","setuju","setuju","setuju","setuju","setuju","setuju","setuju","setuju","setuju","setuju","setuju"
70,2025-04-26 14:19:07,2025-04-26 14:23:00,"computer science","iya","campus b",">4 kali","sangat setuju","sangat setuju","sangat setuju","sangat setuju","sangat setuju","sangat setuju","sangat setuju","sangat setuju","sangat setuju","sangat setuju","sangat setuju","sangat setuju","sangat setuju","sangat setuju","sangat setuju","sangat setuju","sangat setuju","sangat setuju","sangat tidak setuju","sangat setuju"
71,2025-04-26 14:22:01,2025-04-26 14:24:17,"computer science","iya","campus b","1-2 kali","setuju","setuju","setuju","setuju","sangat setuju","sangat setuju","sangat setuju","setuju","setuju","setuju","setuju","setuju","setuju","setuju","setuju","setuju","setuju","setuju","setuju","setuju"
72,2025-04-26 14:27:16,2025-04-26 14:29:30,"computer science","iya","campus b","1-2 kali","setuju","setuju","setuju","setuju","setuju","setuju","setuju","setuju","setuju","setuju","setuju","setuju","setuju","setuju","setuju","setuju","setuju","setuju","setuju","setuju"
73,2025-04-26 14:35:56,2025-04-26 14:36:27,"computer science","iya","campus b","1-2 kali","setuju","setuju","setuju","setuju","setuju","setuju","setuju","setuju","setuju","setuju","setuju","setuju","setuju","setuju","setuju","setuju","setuju","setuju","setuju","setuju"
74,2025-04-26 14:31:44,2025-04-26 14:37:21,"computer science","iya","campus b","3-4 kali","setuju","setuju","sangat setuju","setuju","sangat setuju","setuju","setuju","setuju","sangat setuju","sangat setuju","setuju","sangat setuju","sangat setuju","sangat setuju","setuju","sangat setuju","sangat setuju","setuju","tidak merasakan","setuju"
75,2025-04-26 14:46:53,2025-04-26 14:48:49,"computer science","iya","campus s","1-2 kali","setuju","setuju","setuju","setuju","setuju","setuju","setuju","setuju","setuju","setuju","setuju","setuju","setuju","setuju","setuju","setuju","sangat setuju","setuju","setuju","setuju"
76,2025-04-26 14:44:30,2025-04-26 14:51:10,"computer science","iya","campus s","1-2 kali","tidak merasakan","setuju","setuju","setuju","setuju","setuju","setuju","setuju","tidak merasakan","tidak merasakan","tidak merasakan","setuju","setuju","setuju","tidak merasakan","setuju","tidak merasakan","tidak merasakan","setuju","tidak merasakan"
77,2025-04-26 14:51:25,2025-04-26 14:53:22,"computer science - software engineering","iya","campus b","1-2 kali","setuju","setuju","setuju","setuju","setuju","setuju","setuju","setuju","setuju","setuju","setuju","setuju","setuju","setuju","setuju","setuju","setuju","setuju","setuju","setuju"
78,2025-04-26 14:51:25,2025-04-26 14:53:22,"computer science - software engineering","iya","campus b","1-2 kali","setuju","setuju","setuju","setuju","setuju","setuju","setuju","setuju","setuju","setuju","setuju","setuju","setuju","setuju","setuju","setuju","setuju","setuju","setuju","setuju"
79,2025-04-26 14:51:16,2025-04-26 14:54:45,"game application and technology","iya","campus m",">4 kali","tidak merasakan","sangat setuju","sangat setuju","setuju","sangat setuju","sangat setuju","sangat setuju","sangat setuju","sangat setuju","sangat setuju","sangat setuju","setuju","sangat setuju","sangat setuju","sangat setuju","setuju","sangat setuju","sangat setuju","setuju","setuju"
80,2025-04-26 14:53:09,2025-04-26 14:55:49,"computer science","iya","campus m","1-2 kali","setuju","setuju","setuju","setuju","setuju","setuju","setuju","setuju","setuju","setuju","setuju","setuju","setuju","setuju","setuju","setuju","setuju","setuju","setuju","setuju"
81,2025-04-26 15:02:48,2025-04-26 15:06:34,"computer science - software engineering","iya","campus s","0 kali","tidak merasakan","tidak merasakan","tidak merasakan","tidak merasakan","tidak merasakan","tidak merasakan","tidak merasakan","tidak merasakan","tidak merasakan","tidak merasakan","tidak merasakan","tidak merasakan","tidak merasakan","tidak merasakan","tidak merasakan","tidak merasakan","tidak merasakan","tidak merasakan","tidak merasakan","tidak merasakan"
82,2025-04-26 15:02:30,2025-04-26 15:09:13,"computer science","iya","campus s","0 kali","setuju","setuju","setuju","setuju","sangat setuju","sangat setuju","tidak merasakan","setuju","setuju","tidak setuju","setuju","tidak merasakan","sangat setuju","sangat setuju","sangat setuju","sangat setuju","setuju","setuju","tidak setuju","tidak setuju"
83,2025-04-26 15:06:38,2025-04-26 15:09:48,"computer science","iya","campus m","1-2 kali","setuju","setuju","setuju","setuju","setuju","setuju","setuju","setuju","setuju","setuju","setuju","setuju","setuju","setuju","setuju","setuju","setuju","setuju","setuju","setuju"
84,2025-04-26 15:10:25,2025-04-26 15:12:14,"information systems","iya","campus s","1-2 kali","setuju","setuju","setuju","setuju","sangat setuju","setuju","sangat setuju","sangat setuju","setuju","setuju","setuju","sangat setuju","setuju","setuju","setuju","setuju","setuju","setuju","setuju","setuju"
85,2025-04-26 15:09:52,2025-04-26 15:17:29,"computer science","iya","campus m","1-2 kali","tidak merasakan","tidak merasakan","sangat setuju","setuju","setuju","setuju","setuju","setuju","setuju","setuju","setuju","tidak setuju","setuju","tidak setuju","setuju","setuju","setuju","setuju","sangat tidak setuju","tidak setuju"
86,2025-04-26 15:32:58,2025-04-26 15:33:59,"computer science","iya","campus s","0 kali","tidak merasakan","tidak merasakan","tidak merasakan","tidak merasakan","tidak merasakan","tidak merasakan","tidak merasakan","tidak merasakan","tidak merasakan","tidak merasakan","tidak merasakan","tidak merasakan","tidak merasakan","tidak merasakan","tidak merasakan","tidak merasakan","tidak merasakan","tidak merasakan","tidak merasakan","tidak merasakan"
87,2025-04-26 15:31:55,2025-04-26 15:34:51,"computer science","iya","campus s","0 kali","tidak merasakan","setuju","setuju","setuju","sangat setuju","sangat setuju","sangat setuju","tidak merasakan","tidak merasakan","tidak setuju","tidak merasakan","tidak setuju","setuju","setuju","setuju","tidak merasakan","setuju","tidak merasakan","tidak merasakan","tidak merasakan"
88,2025-04-26 15:34:23,2025-04-26 15:35:32,"computer science","iya","campus s","0 kali","tidak merasakan","tidak merasakan","tidak merasakan","tidak merasakan","tidak merasakan","tidak merasakan","tidak merasakan","tidak merasakan","tidak merasakan","tidak merasakan","tidak merasakan","tidak merasakan","tidak merasakan","tidak merasakan","tidak merasakan","tidak merasakan","tidak merasakan","tidak merasakan","tidak merasakan","tidak merasakan"
89,2025-04-26 15:45:02,2025-04-26 15:50:35,"computer science","iya","campus s","1-2 kali","tidak merasakan","setuju","setuju","setuju","setuju","setuju","setuju","setuju","setuju","tidak setuju","setuju","tidak setuju","setuju","setuju","tidak merasakan","setuju","tidak merasakan","tidak merasakan","tidak setuju","setuju"
90,2025-04-26 15:50:40,2025-04-26 16:00:42,"computer science","iya","campus s","1-2 kali","setuju","setuju","setuju","setuju","setuju","setuju","setuju","setuju","setuju","setuju","setuju","setuju","setuju","setuju","tidak merasakan","setuju","setuju","setuju","tidak merasakan","setuju"
91,2025-04-26 16:58:39,2025-04-26 17:02:23,"computer science","iya","campus m","3-4 kali","tidak merasakan","setuju","tidak setuju","setuju","tidak setuju","setuju","tidak setuju","setuju","setuju","sangat setuju","tidak setuju","setuju","sangat setuju","sangat setuju","setuju","tidak setuju","setuju","setuju","setuju","setuju"
92,2025-04-26 17:35:53,2025-04-26 17:38:44,"computer science","iya","campus s",">4 kali","sangat setuju","sangat setuju","sangat setuju","setuju","sangat setuju","sangat setuju","sangat setuju","sangat setuju","sangat setuju","sangat setuju","sangat setuju","sangat setuju","sangat setuju","sangat setuju","sangat setuju","sangat setuju","sangat setuju","sangat setuju","setuju","sangat setuju"
93,2025-04-26 17:34:38,2025-04-26 17:47:26,"computer science","iya","campus s","3-4 kali","setuju","setuju","setuju","setuju","setuju","setuju","setuju","setuju","setuju","setuju","setuju","setuju","setuju","setuju","setuju","setuju","setuju","setuju","setuju","setuju"
94,2025-04-26 16:40:41,2025-04-26 17:53:59,"computer science","iya","campus s","1-2 kali","setuju","setuju","setuju","setuju","setuju","setuju","setuju","setuju","setuju","tidak setuju","setuju","setuju","setuju","setuju","setuju","setuju","setuju","setuju","setuju","setuju"
95,2025-04-26 17:51:11,2025-04-26 17:54:34,"computer science - software engineering","iya","campus s","3-4 kali","setuju","sangat setuju","setuju","setuju","sangat setuju","sangat setuju","setuju","sangat setuju","tidak merasakan","setuju","tidak merasakan","tidak merasakan","setuju","setuju","setuju","setuju","setuju","setuju","setuju","setuju"
96,2025-04-26 17:57:15,2025-04-26 18:02:20,"computer science","iya","campus s","3-4 kali","setuju","setuju","setuju","tidak merasakan","setuju","sangat setuju","sangat setuju","setuju","setuju","tidak setuju","tidak merasakan","tidak setuju","tidak merasakan","setuju","tidak merasakan","tidak merasakan","tidak merasakan","setuju","setuju","setuju"
97,2025-04-26 18:10:56,2025-04-26 18:13:40,"computer science","iya","campus s","1-2 kali","setuju","setuju","setuju","setuju","setuju","setuju","setuju","setuju","setuju","setuju","setuju","tidak merasakan","setuju","setuju","setuju","setuju","setuju","setuju","setuju","setuju"
98,2025-04-26 18:12:09,2025-04-26 18:15:05,"computer science","iya","campus s","1-2 kali","setuju","setuju","setuju","setuju","setuju","setuju","setuju","setuju","setuju","setuju","setuju","setuju","setuju","setuju","setuju","setuju","setuju","setuju","setuju","setuju"
99,2025-04-26 18:20:11,2025-04-26 18:23:50,"interior design","iya","campus b",">4 kali","setuju","setuju","setuju","setuju","setuju","setuju","setuju","setuju","setuju","setuju","setuju","setuju","setuju","setuju","setuju","setuju","setuju","setuju","setuju","setuju"
100,2025-04-26 18:23:22,2025-04-26 18:26:10,"computer engineering","iya","campus b","1-2 kali","tidak merasakan","setuju","setuju","setuju","setuju","setuju","setuju","setuju","setuju","setuju","setuju","setuju","setuju","setuju","setuju","setuju","setuju","tidak setuju","tidak setuju","setuju"
101,2025-04-26 18:38:31,2025-04-26 18:41:03,"cyber security","iya","campus b","3-4 kali","tidak merasakan","setuju","setuju","setuju","sangat setuju","sangat setuju","sangat setuju","setuju","setuju","tidak setuju","sangat setuju","setuju","sangat setuju","sangat setuju","sangat setuju","sangat setuju","sangat setuju","setuju","setuju","setuju"
102,2025-04-26 19:04:27,2025-04-26 19:07:37,"computer science","iya","campus s","3-4 kali","sangat setuju","setuju","sangat setuju","sangat setuju","sangat setuju","sangat setuju","sangat setuju","setuju","setuju","setuju","setuju","tidak merasakan","setuju","setuju","setuju","setuju","sangat setuju","sangat setuju","setuju","setuju"
103,2025-04-26 19:26:49,2025-04-26 19:28:00,"computer science","iya","campus b","1-2 kali","tidak merasakan","tidak merasakan","tidak merasakan","tidak merasakan","tidak merasakan","tidak merasakan","tidak merasakan","tidak merasakan","tidak merasakan","tidak merasakan","tidak merasakan","tidak merasakan","tidak merasakan","tidak merasakan","tidak merasakan","tidak merasakan","tidak merasakan","tidak merasakan","tidak merasakan","tidak merasakan"
104,2025-04-26 19:35:33,2025-04-26 19:37:29,"computer science","iya","campus b","1-2 kali","setuju","setuju","setuju","setuju","setuju","setuju","setuju","setuju","setuju","setuju","setuju","setuju","setuju","setuju","setuju","setuju","setuju","setuju","setuju","setuju"
105,2025-04-26 19:38:25,2025-04-26 19:41:38,"computer science","iya","campus b",">4 kali","tidak merasakan","setuju","setuju","setuju","setuju","setuju","setuju","setuju","setuju","setuju","setuju","setuju","setuju","setuju","setuju","setuju","setuju","setuju","setuju","setuju"
106,2025-04-26 19:56:00,2025-04-26 19:59:53,"public relations","iya","campus m",">4 kali","sangat setuju","sangat setuju","sangat setuju","sangat setuju","sangat setuju","sangat setuju","tidak merasakan","sangat setuju","setuju","tidak merasakan","sangat setuju","sangat setuju","sangat setuju","sangat setuju","sangat setuju","sangat setuju","sangat setuju","sangat setuju","tidak merasakan","tidak merasakan"
107,2025-04-26 19:59:10,2025-04-26 20:01:28,"computer science","iya","campus b","3-4 kali","setuju","setuju","setuju","setuju","setuju","setuju","tidak merasakan","setuju","setuju","setuju","setuju","setuju","setuju","setuju","setuju","setuju","setuju","setuju","tidak merasakan","setuju"
108,2025-04-26 21:32:06,2025-04-26 21:35:40,"computer science","iya","campus s","3-4 kali","sangat setuju","sangat setuju","sangat setuju","setuju","sangat setuju","sangat setuju","sangat setuju","sangat setuju","setuju","setuju","sangat setuju","tidak merasakan","setuju","setuju","tidak setuju","tidak setuju","sangat setuju","sangat setuju","sangat setuju","sangat setuju"
109,2025-04-26 23:55:45,2025-04-26 23:59:47,"information systems","iya","campus s",">4 kali","tidak merasakan","tidak merasakan","setuju","setuju","setuju","setuju","sangat setuju","setuju","setuju","tidak merasakan","setuju","tidak setuju","setuju","setuju","setuju","setuju","setuju","setuju","setuju","setuju"
110,2025-04-27 17:27:02,2025-04-27 17:29:33,"computer science","iya","campus m","1-2 kali","setuju","setuju","setuju","tidak setuju","setuju","setuju","setuju","sangat setuju","sangat setuju","setuju","setuju","setuju","setuju","setuju","setuju","setuju","setuju","setuju","setuju","setuju"
111,2025-04-28 15:57:42,2025-04-28 15:59:56,"computer science","iya","campus s","0 kali","tidak merasakan","tidak merasakan","tidak merasakan","tidak merasakan","tidak merasakan","tidak merasakan","tidak merasakan","setuju","tidak merasakan","tidak merasakan","tidak merasakan","tidak merasakan","tidak merasakan","tidak merasakan","tidak merasakan","tidak merasakan","tidak merasakan","tidak merasakan","tidak merasakan","tidak merasakan"
112,2025-04-28 18:47:12,2025-04-28 18:50:17,"computer science","iya","campus b","3-4 kali","setuju","setuju","sangat setuju","setuju","sangat setuju","setuju","setuju","setuju","setuju","setuju","setuju","setuju","setuju","setuju","setuju","setuju","setuju","setuju","setuju","setuju"
113,2025-04-29 13:44:49,2025-04-29 13:46:52,"computer science","iya","campus s","0 kali","setuju","sangat setuju","setuju","setuju","sangat setuju","sangat setuju","sangat setuju","tidak merasakan","setuju","setuju","setuju","setuju","setuju","setuju","setuju","setuju","setuju","setuju","tidak setuju","setuju"
114,2025-04-29 14:25:56,2025-04-29 14:30:59,"computer science","iya","campus b","1-2 kali","sangat setuju","sangat setuju","sangat setuju","sangat setuju","setuju","sangat setuju","sangat setuju","setuju","sangat setuju","setuju","setuju","setuju","setuju","sangat setuju","sangat setuju","sangat setuju","sangat setuju","sangat setuju","setuju","setuju"
115,2025-04-29 23:52:15,2025-04-29 23:56:17,"computer science","iya","campus b","1-2 kali","tidak merasakan","tidak merasakan","setuju","setuju","setuju","setuju","setuju","setuju","setuju","setuju","setuju","setuju","setuju","setuju","sangat setuju","sangat setuju","sangat setuju","sangat setuju","sangat setuju","sangat setuju"
116,2025-05-05 12:25:19,2025-05-05 12:28:04,"computer science","iya","campus b",">4 kali","setuju","setuju","setuju","sangat setuju","setuju","setuju","setuju","setuju","sangat setuju","sangat setuju","setuju","setuju","setuju","setuju","setuju","setuju","setuju","setuju","setuju","setuju"
